session_id,file_name,haptic_experience,event,checkboxId,checkboxLabel,action,timestamp,finalChoice,finalTime
consent_behaviour_2026_06_02T12_02_22_880Z,consent_behaviour_2026_06_02T12_02_22_880Z.csv,True,checkbox,reject-ads,Decline personalised advertising,checked,2026-06-02T12:02:19.598Z,preferences,2026-06-02T12:02:22.875Z
consent_behaviour_2026_06_02T12_02_22_880Z,consent_behaviour_2026_06_02T12_02_22_880Z.csv,True,final,,,,,preferences,2026-06-02T12:02:22.875Z
consent_behaviour_2026_06_02T12_02_22_880Z,consent_behaviour_2026_06_02T12_02_22_880Z.csv,True,final-state,reject-ads,Decline personalised advertising,declined,,preferences,2026-06-02T12:02:22.875Z
consent_behaviour_2026_06_02T12_02_22_880Z,consent_behaviour_2026_06_02T12_02_22_880Z.csv,True,final-state,reject-analytics,Decline analytics tracking,accepted,,preferences,2026-06-02T12:02:22.875Z
consent_behaviour_2026_06_02T12_02_22_880Z,consent_behaviour_2026_06_02T12_02_22_880Z.csv,True,final-state,reject-sharing,Decline partner data sharing,accepted,,preferences,2026-06-02T12:02:22.875Z
consent_behaviour_2026_06_02T12_13_00_415Z,consent_behaviour_2026_06_02T12_13_00_415Z.csv,False,checkbox,reject-ads,Decline personalised advertising,checked,2026-06-02T12:12:57.127Z,preferences,2026-06-02T12:13:00.403Z
consent_behaviour_2026_06_02T12_13_00_415Z,consent_behaviour_2026_06_02T12_13_00_415Z.csv,False,final,,,,,preferences,2026-06-02T12:13:00.403Z
consent_behaviour_2026_06_02T12_13_00_415Z,consent_behaviour_2026_06_02T12_13_00_415Z.csv,False,final-state,reject-ads,Decline personalised advertising,declined,,preferences,2026-06-02T12:13:00.403Z
consent_behaviour_2026_06_02T12_13_00_415Z,consent_behaviour_2026_06_02T12_13_00_415Z.csv,False,final-state,reject-analytics,Decline analytics tracking,accepted,,preferences,2026-06-02T12:13:00.403Z
consent_behaviour_2026_06_02T12_13_00_415Z,consent_behaviour_2026_06_02T12_13_00_415Z.csv,False,final-state,reject-sharing,Decline partner data sharing,accepted,,preferences,2026-06-02T12:13:00.403Z
consent_behaviour_2026_06_02T12_32_58_711Z,consent_behaviour_2026_06_02T12_32_58_711Z.csv,True,checkbox,reject-ads,Decline personalised advertising,checked,2026-06-02T12:32:45.882Z,preferences,2026-06-02T12:32:58.706Z
consent_behaviour_2026_06_02T12_32_58_711Z,consent_behaviour_2026_06_02T12_32_58_711Z.csv,True,checkbox,reject-analytics,Decline analytics tracking,checked,2026-06-02T12:32:46.740Z,preferences,2026-06-02T12:32:58.706Z
consent_behaviour_2026_06_02T12_32_58_711Z,consent_behaviour_2026_06_02T12_32_58_711Z.csv,True,checkbox,reject-sharing,Decline partner data sharing,checked,2026-06-02T12:32:47.413Z,preferences,2026-06-02T12:32:58.706Z
consent_behaviour_2026_06_02T12_32_58_711Z,consent_behaviour_2026_06_02T12_32_58_711Z.csv,True,checkbox,reject-analytics,Decline analytics tracking,unchecked,2026-06-02T12:32:49.534Z,preferences,2026-06-02T12:32:58.706Z
consent_behaviour_2026_06_02T12_32_58_711Z,consent_behaviour_2026_06_02T12_32_58_711Z.csv,True,checkbox,reject-analytics,Decline analytics tracking,checked,2026-06-02T12:32:50.149Z,preferences,2026-06-02T12:32:58.706Z
consent_behaviour_2026_06_02T12_32_58_711Z,consent_behaviour_2026_06_02T12_32_58_711Z.csv,True,checkbox,reject-analytics,Decline analytics tracking,unchecked,2026-06-02T12:32:51.451Z,preferences,2026-06-02T12:32:58.706Z
consent_behaviour_2026_06_02T12_32_58_711Z,consent_behaviour_2026_06_02T12_32_58_711Z.csv,True,checkbox,reject-analytics,Decline analytics tracking,checked,2026-06-02T12:32:51.725Z,preferences,2026-06-02T12:32:58.706Z
consent_behaviour_2026_06_02T12_32_58_711Z,consent_behaviour_2026_06_02T12_32_58_711Z.csv,True,checkbox,reject-analytics,Decline analytics tracking,unchecked,2026-06-02T12:32:52.662Z,preferences,2026-06-02T12:32:58.706Z
consent_behaviour_2026_06_02T12_32_58_711Z,consent_behaviour_2026_06_02T12_32_58_711Z.csv,True,checkbox,reject-analytics,Decline analytics tracking,checked,2026-06-02T12:32:52.970Z,preferences,2026-06-02T12:32:58.706Z
consent_behaviour_2026_06_02T12_32_58_711Z,consent_behaviour_2026_06_02T12_32_58_711Z.csv,True,final,,,,,preferences,2026-06-02T12:32:58.706Z
consent_behaviour_2026_06_02T12_32_58_711Z,consent_behaviour_2026_06_02T12_32_58_711Z.csv,True,final-state,reject-ads,Decline personalised advertising,declined,,preferences,2026-06-02T12:32:58.706Z
consent_behaviour_2026_06_02T12_32_58_711Z,consent_behaviour_2026_06_02T12_32_58_711Z.csv,True,final-state,reject-analytics,Decline analytics tracking,declined,,preferences,2026-06-02T12:32:58.706Z
consent_behaviour_2026_06_02T12_32_58_711Z,consent_behaviour_2026_06_02T12_32_58_711Z.csv,True,final-state,reject-sharing,Decline partner data sharing,declined,,preferences,2026-06-02T12:32:58.706Z
consent_behaviour_2026_06_03T11_32_33_470Z,consent_behaviour_2026_06_03T11_32_33_470Z.csv,True,checkbox,reject-ads,Decline personalised advertising,checked,2026-06-03T11:32:17.065Z,preferences,2026-06-03T11:32:33.466Z
consent_behaviour_2026_06_03T11_32_33_470Z,consent_behaviour_2026_06_03T11_32_33_470Z.csv,True,checkbox,reject-analytics,Decline analytics tracking,checked,2026-06-03T11:32:17.461Z,preferences,2026-06-03T11:32:33.466Z
consent_behaviour_2026_06_03T11_32_33_470Z,consent_behaviour_2026_06_03T11_32_33_470Z.csv,True,checkbox,reject-sharing,Decline partner data sharing,checked,2026-06-03T11:32:18.064Z,preferences,2026-06-03T11:32:33.466Z
consent_behaviour_2026_06_03T11_32_33_470Z,consent_behaviour_2026_06_03T11_32_33_470Z.csv,True,checkbox,reject-sharing,Decline partner data sharing,unchecked,2026-06-03T11:32:26.303Z,preferences,2026-06-03T11:32:33.466Z
consent_behaviour_2026_06_03T11_32_33_470Z,consent_behaviour_2026_06_03T11_32_33_470Z.csv,True,checkbox,reject-analytics,Decline analytics tracking,unchecked,2026-06-03T11:32:26.582Z,preferences,2026-06-03T11:32:33.466Z
consent_behaviour_2026_06_03T11_32_33_470Z,consent_behaviour_2026_06_03T11_32_33_470Z.csv,True,checkbox,reject-ads,Decline personalised advertising,unchecked,2026-06-03T11:32:27.542Z,preferences,2026-06-03T11:32:33.466Z
consent_behaviour_2026_06_03T11_32_33_470Z,consent_behaviour_2026_06_03T11_32_33_470Z.csv,True,checkbox,reject-sharing,Decline partner data sharing,checked,2026-06-03T11:32:32.173Z,preferences,2026-06-03T11:32:33.466Z
consent_behaviour_2026_06_03T11_32_33_470Z,consent_behaviour_2026_06_03T11_32_33_470Z.csv,True,checkbox,reject-analytics,Decline analytics tracking,checked,2026-06-03T11:32:32.417Z,preferences,2026-06-03T11:32:33.466Z
consent_behaviour_2026_06_03T11_32_33_470Z,consent_behaviour_2026_06_03T11_32_33_470Z.csv,True,checkbox,reject-ads,Decline personalised advertising,checked,2026-06-03T11:32:32.712Z,preferences,2026-06-03T11:32:33.466Z
consent_behaviour_2026_06_03T11_32_33_470Z,consent_behaviour_2026_06_03T11_32_33_470Z.csv,True,final,,,,,preferences,2026-06-03T11:32:33.466Z
consent_behaviour_2026_06_03T11_32_33_470Z,consent_behaviour_2026_06_03T11_32_33_470Z.csv,True,final-state,reject-ads,Decline personalised advertising,declined,,preferences,2026-06-03T11:32:33.466Z
consent_behaviour_2026_06_03T11_32_33_470Z,consent_behaviour_2026_06_03T11_32_33_470Z.csv,True,final-state,reject-analytics,Decline analytics tracking,declined,,preferences,2026-06-03T11:32:33.466Z
consent_behaviour_2026_06_03T11_32_33_470Z,consent_behaviour_2026_06_03T11_32_33_470Z.csv,True,final-state,reject-sharing,Decline partner data sharing,declined,,preferences,2026-06-03T11:32:33.466Z
consent_behaviour_2026_06_03T11_45_39_330Z,consent_behaviour_2026_06_03T11_45_39_330Z.csv,True,checkbox,reject-ads,Decline personalised advertising,checked,2026-06-03T11:45:34.415Z,preferences,2026-06-03T11:45:39.326Z
consent_behaviour_2026_06_03T11_45_39_330Z,consent_behaviour_2026_06_03T11_45_39_330Z.csv,True,checkbox,reject-analytics,Decline analytics tracking,checked,2026-06-03T11:45:36.354Z,preferences,2026-06-03T11:45:39.326Z
consent_behaviour_2026_06_03T11_45_39_330Z,consent_behaviour_2026_06_03T11_45_39_330Z.csv,True,checkbox,reject-sharing,Decline partner data sharing,checked,2026-06-03T11:45:37.353Z,preferences,2026-06-03T11:45:39.326Z
consent_behaviour_2026_06_03T11_45_39_330Z,consent_behaviour_2026_06_03T11_45_39_330Z.csv,True,final,,,,,preferences,2026-06-03T11:45:39.326Z
consent_behaviour_2026_06_03T11_45_39_330Z,consent_behaviour_2026_06_03T11_45_39_330Z.csv,True,final-state,reject-ads,Decline personalised advertising,declined,,preferences,2026-06-03T11:45:39.326Z
consent_behaviour_2026_06_03T11_45_39_330Z,consent_behaviour_2026_06_03T11_45_39_330Z.csv,True,final-state,reject-analytics,Decline analytics tracking,declined,,preferences,2026-06-03T11:45:39.326Z
consent_behaviour_2026_06_03T11_45_39_330Z,consent_behaviour_2026_06_03T11_45_39_330Z.csv,True,final-state,reject-sharing,Decline partner data sharing,declined,,preferences,2026-06-03T11:45:39.326Z
